data,chat
9:00 AM,"Yo team, ready for another round of chaos?"
9:01 AM,"Absolutely, my coffee hasn’t kicked in yet though."
9:03 AM," Bruh, my cat just walked on my keyboard and sent 47 emojis."
9:05 AM,Lol classic! Maybe your cat is better at typing than you.
9:06 AM,"You’re such a noob, lost the game in 2 minutes again "
9:10 AM,"I swear this lag is stupid, my ping’s at 900"
9:12 AM,"Dude, stop blaming the lag, you just forgot to reload."
9:15 AM,"Ugh, I hate when the pizza guy arrives mid-battle."
9:18 AM,"No way, the pizza arrived? Mine took two hours last night!"
9:22 AM,"Bro, you ordered from that lazy driver again didn’t you?"
9:25 AM,Yep. He waved at me from the car and left the pizza on the gate.
9:28 AM,"LOL what a legend. 2/10 delivery, 10/10 confidence."
9:31 AM,Stop roasting the poor dude. Focus on the mission!
9:34 AM,"Mission failed successfully. Again."""
9:38 AM,"You’re all idiots, but I love this chaos."
9:41 AM,"Alright everyone, group selfie before we lose again!"
9:45 AM,"Say cheese! Or say lag, that’s our true leader."
9:50 AM,"This app sucks, it just froze on my victory dance."
9:55 AM,Plot twist: there was no victory.
10:00 AM,"GG everyone, see you in the next disaster."
